Model,Validation L1 Loss,Validation L2 Loss
Baseline,8.091785430908203,126.87581634521484
RNN,5.127874374389648,48.66561508178711
LSTM,4.9705915451049805,46.151859283447266
GRU,4.964221477508545,45.57145690917969
